{
  "silhouette": 0.3511360770139555,
  "davies_bouldin": 1.1727291068842265
}