{
  "MAE": 0.21204160895275653,
  "RMSE": 0.316577504694655,
  "R2": 0.45615147954173774,
  "accuracy_within_10pct": 0.4843785452859412
}