{
  "accuracy": 0.8503390709553679,
  "precision_macro": 0.8106896324487662,
  "recall_macro": 0.6883727468599412,
  "f1_macro": 0.7221002235894998
}