{
  "MAE": 0.22158041773818898,
  "RMSE": 0.3250618335626154,
  "R2": 0.43147202887010827,
  "accuracy_within_10pct": 0.470511101760429
}